id	title	category	tool	content	tags	uses	rating
aut-001	AUT-001 Thiết kế Workflow Make.com	automation	Claude	Bạn là Make.com Expert chuyên thiết kế automation workflow cho SME Việt Nam.\n\nThiết kế WORKFLOW MAKE.COM hoàn chỉnh cho:\n\nTHÔNG TIN:\n- Mục tiêu automation: [MÔ TẢ QUY TRÌNH CẦN TỰ ĐỘNG HÓA]\n- Apps đang dùng: [FACEBOOK / ZALO / GOOGLE SHEETS / GMAIL / CRM / ...]\n- Trigger khởi động workflow: [SỰ KIỆN BẮT ĐẦU]\n- Kết quả mong muốn: [OUTPUT CUỐI CÙNG]\n- Tần suất chạy: [REAL-TIME / MỖI GIỜ / HÀNG NGÀY]\n- Ngân sách Make.com: [GÓI FREE / CORE / PRO]\n\nPHẦN 1 - SƠ ĐỒ WORKFLOW\n\nMÔ TẢ TỪNG BƯỚC:\nBước 1 - TRIGGER:\n- Module: [Watch / Webhook / Schedule]\n- App: [TÊN APP]\n- Cấu hình: [CHI TIẾT SETTINGS]\n- Data output: [CÁC FIELD SẼ CÓ]\n\nBước 2-N - ACTIONS:\nMỗi bước ghi rõ:\n- Module name (chính xác tên trong Make)\n- App + Connection cần setup\n- Input mapping: field nào lấy từ bước nào\n- Filter/Condition nếu có\n- Error handling\n\nBước CUỐI - OUTPUT:\n- Kết quả được tạo ra ở đâu\n- Format dữ liệu\n- Notification confirm\n\nPHẦN 2 - SETUP GUIDE CHI TIẾT\n\nCHUẨN BỊ TRƯỚC KHI BUILD:\n- Danh sách accounts cần kết nối\n- Permissions cần grant\n- Test data cần chuẩn bị\n- Webhooks cần tạo\n\nBUILD STEP-BY-STEP:\nMỗi module hướng dẫn:\n- Tìm module ở đâu (search term)\n- Các field bắt buộc cần điền\n- Cách map data từ previous step\n- Screenshot concept (mô tả layout)\n\nPHẦN 3 - ERROR HANDLING\n- Các lỗi thường gặp và cách fix\n- Retry logic khuyến nghị\n- Alert khi workflow fail\n- Rollback strategy\n\nPHẦN 4 - TESTING CHECKLIST\n- Test với dữ liệu giả trước\n- Verify từng bước output\n- Test edge cases\n- Monitor 48h đầu sau khi live\n\nPHẦN 5 - OPTIMIZATION\n- Operations count estimate (quan trọng với gói giới hạn)\n- Cách giảm operations nếu cần\n- Scheduling tối ưu\n- Cách duplicate cho use case tương tự\n\nBONUS - TEMPLATE SCENARIOS:\n3 variation của workflow này cho 3 ngành phổ biến tại Việt Nam	make,workflow,automation,no-code,integration	0	5
aut-002	AUT-002 Thiết kế Workflow n8n	automation	Claude	Bạn là n8n Expert chuyên thiết kế automation workflow self-hosted cho SME Việt Nam.\n\nThiết kế WORKFLOW N8N hoàn chỉnh cho:\n\nTHÔNG TIN:\n- Mục tiêu automation: [MÔ TẢ QUY TRÌNH]\n- Nguồn dữ liệu (Trigger): [APP / DATABASE / WEBHOOK / SCHEDULE]\n- Xử lý dữ liệu: [TRANSFORM / FILTER / ENRICH]\n- Đích đến (Output): [APP / DATABASE / NOTIFICATION]\n- Self-hosted hay n8n Cloud: [SELF-HOSTED / CLOUD]\n- Tech stack hiện tại: [DATABASE / SERVER / ...]\n\nPHẦN 1 - WORKFLOW ARCHITECTURE\n\nNODE DIAGRAM (mô tả dạng text):\n[Trigger Node] → [Node 1] → [Node 2] → [IF/Switch] → [Node A / Node B] → [Output Node]\n\nMỖI NODE CHI TIẾT:\nTên node | Type | Mục đích | Input | Output | Config quan trọng\n\nPHẦN 2 - JSON WORKFLOW TEMPLATE\n\nCung cấp JSON structure cơ bản của workflow:\n{\n  "nodes": [\n    {\n      "name": "[TÊN NODE]",\n      "type": "[LOẠI NODE]",\n      "parameters": { [KEY PARAMS] },\n      "position": [x, y]\n    }\n  ],\n  "connections": { [MAPPING KẾT NỐI] }\n}\n\nHướng dẫn import JSON vào n8n\n\nPHẦN 3 - NODE CONFIGURATION GUIDE\n\nCHO TỪNG NODE QUAN TRỌNG:\n- Credentials cần setup\n- Parameters cần điền\n- Expression syntax n8n: {{ $json.fieldName }}\n- IF conditions syntax\n- Loop/Split in batches config\n\nPHẦN 4 - SELF-HOSTED SETUP (nếu chọn self-hosted)\n- Docker compose snippet\n- Nginx reverse proxy config\n- SSL setup\n- Backup workflow strategy\n- Update procedure\n\nPHẦN 5 - ADVANCED FEATURES\n- Sử dụng Function node (JavaScript) để xử lý logic phức tạp\n- Code examples cho các transform phổ biến\n- Webhook authentication\n- Rate limiting handling\n\nPHẦN 6 - MONITORING & ALERTING\n- Setup execution logging\n- Error workflow (khi main workflow fail)\n- Telegram/Email alert khi lỗi\n- Dashboard theo dõi executions\n\nBONUS - COMMUNITY NODES PHỔ BIẾN:\nTop 5 community nodes hữu ích cho SME Việt Nam + hướng dẫn install	n8n,workflow,automation,self-hosted,integration	0	5
aut-003	AUT-003 Thiết kế Workflow Zapier	automation	Claude	Bạn là Zapier Expert chuyên thiết kế Zaps hiệu quả cho SME Việt Nam.\n\nThiết kế WORKFLOW ZAPIER hoàn chỉnh cho:\n\nTHÔNG TIN:\n- Mục tiêu automation: [MÔ TẢ QUY TRÌNH]\n- Trigger App: [TÊN APP + SỰ KIỆN]\n- Action Apps: [LIST CÁC APP CẦN KẾT NỐI]\n- Điều kiện lọc (nếu có): [FILTER CONDITIONS]\n- Gói Zapier đang dùng: [FREE / STARTER / PROFESSIONAL / TEAM]\n\nPHẦN 1 - ZAP DESIGN\n\nSTRUCTURE:\nTrigger: [App] - [Event]\n  ↓ Filter (nếu có)\nAction 1: [App] - [Action]\n  ↓\nAction 2: [App] - [Action]\n  ↓\n[Multi-step nếu cần]\n\nMỖI STEP CHI TIẾT:\nStep | App | Event/Action | Field Mapping | Notes\n\nPHẦN 2 - SETUP GUIDE\n\nKẾT NỐI TÀI KHOẢN:\n- Quyền truy cập cần thiết cho từng app\n- OAuth vs API key cho từng service\n- Lưu ý bảo mật credentials\n\nFIELD MAPPING:\n- Bảng mapping: Source field → Destination field\n- Cách dùng Zapier Formatter\n- Text transforms hay dùng\n- Date/number formatting\n\nFILTER CONDITIONS:\n- Syntax bộ lọc Zapier\n- AND vs OR logic\n- Ví dụ filter cụ thể cho use case\n\nPHẦN 3 - PATHS (Multi-path Zaps)\nNếu cần logic rẽ nhánh:\n- Điều kiện cho mỗi path\n- Action khác nhau theo từng path\n- Default path handling\n\nPHẦN 4 - ZAPIER TABLES & INTERFACES\n- Cách dùng Zapier Tables thay Google Sheets\n- Interface để team tương tác với data\n- Lookup Table cho reference data\n\nPHẦN 5 - TASK OPTIMIZATION\n- Ước tính tasks/tháng\n- Cách giảm tasks:\n  + Dùng Digest để batch\n  + Filter sớm trong workflow\n  + Schedule thay real-time khi phù hợp\n- Task alert khi gần hết quota\n\nPHẦN 6 - TESTING\n- Test trigger với data thật\n- Skip test nếu có side effects\n- Review Zap history\n- Replay failed Zaps\n\nBONUS - TOP 10 ZAP TEMPLATES PHỔ BIẾN:\nCác Zap sẵn có thể reuse ngay cho SME Việt Nam	zapier,workflow,automation,no-code,integration	0	5
aut-004	AUT-004 Google Apps Script Automation	automation	Claude	Bạn là Google Apps Script Developer chuyên viết automation scripts cho SME Việt Nam sử dụng Google Workspace.\n\nViết GOOGLE APPS SCRIPT AUTOMATION hoàn chỉnh cho:\n\nTHÔNG TIN:\n- Mục tiêu automation: [MÔ TẢ CHI TIẾT]\n- Google Apps liên quan: [SHEETS / DOCS / GMAIL / CALENDAR / DRIVE / FORMS]\n- Trigger: [TIME-BASED / ON EDIT / ON SUBMIT / ON OPEN / MANUAL]\n- Input data: [NGUỒN DỮ LIỆU]\n- Output: [KẾT QUẢ CẦN TẠO]\n- Tần suất: [REAL-TIME / HÀNG NGÀY / HÀNG TUẦN]\n\nPHẦN 1 - SCRIPT CODE\n\nCUNG CẤP CODE HOÀN CHỈNH:\n```javascript\n// [TÊN SCRIPT] - AIFUN OS Automation\n// Mục đích: [MÔ TẢ]\n// Trigger: [LOẠI TRIGGER]\n// Author: [TÊN]\n// Version: 1.0\n// Last updated: [NGÀY]\n\n// CONFIG - Điền các giá trị này trước khi chạy\nconst CONFIG = {\n  SPREADSHEET_ID: '[ID_SPREADSHEET]',\n  SHEET_NAME: '[TÊN_SHEET]',\n  EMAIL_RECIPIENT: '[EMAIL]',\n  // ... thêm config theo use case\n};\n\n// MAIN FUNCTION\nfunction main() {\n  // Code chính ở đây\n}\n\n// HELPER FUNCTIONS\nfunction [helperName]() {\n  // Helper functions\n}\n\n// ERROR HANDLING\nfunction handleError(error) {\n  Logger.log('Error: ' + error.message);\n  // Gửi alert email nếu cần\n}\n```\n\nPHẦN 2 - SETUP INSTRUCTIONS\n\nCÀI ĐẶT SCRIPT:\n1. Mở Google Sheets/Docs → Extensions → Apps Script\n2. Xóa code mặc định, paste code mới\n3. Điền CONFIG values\n4. Lưu (Ctrl+S)\n5. Chạy thử function main() lần đầu\n6. Grant permissions\n\nSETUP TRIGGER:\n- Triggers → Add Trigger\n- Chọn function: main\n- Chọn event source: [Time / Spreadsheet]\n- Chọn event type: [chi tiết]\n- Save\n\nPHẦN 3 - TESTING\n- Cách test từng function riêng\n- Logger.log() để debug\n- Execution log ở đâu\n- Test với data giả\n\nPHẦN 4 - ADVANCED FEATURES\n- PropertiesService để lưu config\n- LockService tránh concurrent execution\n- UrlFetchApp để gọi external APIs\n- HtmlService để tạo custom UI\n\nPHẦN 5 - QUOTA & LIMITS\n- Apps Script quotas quan trọng\n- Cách tối ưu để không vượt quota\n- Xử lý khi gần đến limit\n\nBONUS - 5 SCRIPT TEMPLATES SẴN DÙNG:\n1. Auto email report từ Sheets hàng ngày\n2. Form → Sheets → Gmail notification\n3. Calendar reminder automation\n4. Drive file organizer\n5. Sheets data validator	apps-script,google,automation,sheets,gmail	0	5
aut-005	AUT-005 Lead Capture Automation	automation	Claude	Bạn là Marketing Automation Expert chuyên xây dựng hệ thống lead capture tự động cho SME Việt Nam.\n\nThiết kế HỆ THỐNG LEAD CAPTURE AUTOMATION hoàn chỉnh cho:\n\nTHÔNG TIN:\n- Doanh nghiệp: [TÊN + NGÀNH]\n- Nguồn leads: [FACEBOOK ADS / ZALO ADS / WEBSITE FORM / LANDING PAGE / QR CODE]\n- CRM/Spreadsheet lưu leads: [TOOL ĐANG DÙNG]\n- Người nhận thông báo: [TÊN + EMAIL + SĐT]\n- Thời gian phản hồi mục tiêu: [X phút sau khi lead điền form]\n- Tool automation: [MAKE.COM / N8N / ZAPIER / APPS SCRIPT]\n\nPHẦN 1 - LEAD CAPTURE FLOW\n\nSƠ ĐỒ TỔNG QUAN:\nLead điền form\n  ↓\nData validate & enrich\n  ↓\nLưu vào CRM/Sheets\n  ↓\nNotify sales team (Zalo + Email)\n  ↓\nAuto reply cho lead\n  ↓\nAssign & track\n\nPHẦN 2 - NGUỒN LEADS SETUP\n\nFACEBOOK LEAD ADS:\n- Kết nối Facebook Lead Ads với automation\n- Field mapping từ form Facebook\n- Xử lý duplicate leads\n- Sync realtime vs batch\n\nLANDING PAGE FORM:\n- Webhook setup\n- Hidden fields tracking (UTM, source)\n- Spam filter\n- Thank you page redirect\n\nZALO OA:\n- Zalo webhook setup\n- Xử lý tin nhắn đầu tiên\n- Auto-qualify qua bot\n\nPHẦN 3 - DATA PROCESSING\n\nVALIDATION:\n- Kiểm tra số điện thoại Việt Nam (format 0xxxxxxxxx)\n- Kiểm tra email hợp lệ\n- Dedup: tìm lead trùng theo SĐT/email\n- Enrich: bổ sung thông tin từ database\n\nLEAD ENRICHMENT:\n- Auto-score dựa trên thông tin điền\n- Tag theo nguồn, sản phẩm quan tâm\n- Phân loại hot/warm/cold ngay\n\nPHẦN 4 - NOTIFICATION SYSTEM\n\nCHO SALES TEAM:\nZalo message template:\n"[ICON] LEAD MỚI!\nTên: {name}\nSĐT: {phone}\nQuan tâm: {product}\nNguồn: {source}\nThời gian: {time}\n→ Gọi ngay: {phone}"\n\nEmail notification:\n- Subject: [HOT LEAD] {name} - {product}\n- Body: đầy đủ thông tin + link CRM\n- Assign to: [rule assignment]\n\nEscalation: Nếu không có ai gọi trong X phút → notify manager\n\nPHẦN 5 - AUTO REPLY CHO LEAD\n\nEmail tự động gửi ngay:\n- Subject: "Chúng tôi đã nhận thông tin của bạn"\n- Nội dung: confirm + set expectations + next steps\n- Personalized với tên, sản phẩm quan tâm\n\nZalo auto reply:\n- Tin nhắn xác nhận ngay\n- Menu chọn nhanh\n- Attach tài liệu liên quan\n\nPHẦN 6 - TRACKING & REPORTING\n- Dashboard theo dõi leads theo nguồn\n- Báo cáo tự động hàng ngày\n- Conversion tracking\n- Cost per lead by source	lead-capture,automation,CRM,notification,marketing	0	5
aut-006	AUT-006 CRM Automation	automation	Claude	Bạn là CRM Automation Expert chuyên tối ưu quy trình bán hàng tự động cho SME Việt Nam.\n\nThiết kế CRM AUTOMATION SYSTEM hoàn chỉnh cho:\n\nTHÔNG TIN:\n- CRM đang dùng: [HUBSPOT / PIPEDRIVE / GOOGLE SHEETS / EXCEL / CUSTOM]\n- Quy mô team sales: [X người]\n- Sản phẩm/dịch vụ: [MÔ TẢ]\n- Sales process hiện tại: [MÔ TẢ CÁC STAGE]\n- Pain point lớn nhất: [VẤN ĐỀ CẦN GIẢI QUYẾT]\n- Tool automation: [MAKE / N8N / ZAPIER / APPS SCRIPT]\n\nPHẦN 1 - CRM AUTOMATION MAP\n\nTOÀN BỘ AUTOMATION THEO PIPELINE STAGE:\n\nSTAGE: NEW LEAD\n- Trigger: Lead mới vào CRM\n- Auto actions:\n  + Assign sales rep (round robin / rule-based)\n  + Gửi notification Zalo/Email cho sales\n  + Tạo task: "Gọi điện trong 2h"\n  + Auto reply cho lead\n  + Add vào nurture sequence nếu chưa qualified\n\nSTAGE: CONTACTED\n- Trigger: Sales log cuộc gọi đầu tiên\n- Auto actions:\n  + Update status + timestamp\n  + Tạo task follow-up tiếp theo\n  + Gửi email/Zalo tài liệu liên quan\n  + Trigger nurture email sequence\n\nSTAGE: QUALIFIED\n- Trigger: Sales mark là qualified\n- Auto actions:\n  + Notify manager deal lớn (>X đồng)\n  + Gửi proposal template\n  + Set follow-up deadline\n  + Add vào hot list\n\nSTAGE: PROPOSAL SENT\n- Trigger: Proposal gửi đi\n- Auto actions:\n  + Start proposal follow-up sequence\n  + Reminder sau 3 ngày nếu chưa reply\n  + Track email open (nếu có tool)\n\nSTAGE: NEGOTIATION\n- Trigger: Khách phản hồi về proposal\n- Auto actions:\n  + Alert sales manager\n  + Log negotiation notes\n  + Set decision deadline reminder\n\nSTAGE: CLOSED WON\n- Trigger: Deal marked won\n- Auto actions:\n  + Gửi email chào mừng khách hàng mới\n  + Tạo onboarding tasks\n  + Thêm vào customer success workflow\n  + Gửi thông báo cho finance\n  + Update revenue dashboard\n  + Xin referral (sau 30 ngày)\n\nSTAGE: CLOSED LOST\n- Trigger: Deal marked lost\n- Auto actions:\n  + Lưu lý do lost vào database\n  + Add vào win-back sequence (3 tháng sau)\n  + Notify manager nếu deal lớn\n  + Phân tích lost reason report\n\nPHẦN 2 - TASK AUTOMATION\n- Auto-create tasks theo stage\n- Reminder escalation nếu quá hạn\n- Daily task digest cho sales\n- Manager escalation rules\n\nPHẦN 3 - REPORTING AUTOMATION\n- Daily pipeline report → Zalo nhóm sales\n- Weekly revenue forecast → Email CEO\n- Monthly performance report → tự generate\n\nPHẦN 4 - IMPLEMENTATION GUIDE\n- Setup từng automation theo thứ tự ưu tiên\n- Testing plan\n- Training guide cho sales team	CRM,automation,pipeline,sales,workflow	0	5
aut-007	AUT-007 Email Marketing Automation	automation	Claude	Bạn là Email Marketing Automation Expert chuyên xây dựng hệ thống email tự động cho SME Việt Nam.\n\nThiết kế EMAIL MARKETING AUTOMATION hoàn chỉnh cho:\n\nTHÔNG TIN:\n- Doanh nghiệp: [TÊN + NGÀNH]\n- ESP đang dùng: [MAILCHIMP / ACTIVE CAMPAIGN / SENDINBLUE / GETRESPONSE / CUSTOM]\n- Database hiện tại: [X contacts]\n- Mục tiêu: [NURTURE / ONBOARDING / RETENTION / REACTIVATION]\n- Sản phẩm/dịch vụ: [MÔ TẢ]\n- Tool kết nối: [MAKE / ZAPIER / NATIVE INTEGRATION]\n\nPHẦN 1 - EMAIL AUTOMATION ARCHITECTURE\n\nCÁC SEQUENCE CẦN XÂY DỰNG:\n\nSEQUENCE 1: WELCOME SERIES (Mới đăng ký)\nEmail 1 (Ngay lập tức): Welcome + Deliver freebie\nEmail 2 (Ngày 2): Brand story + Value\nEmail 3 (Ngày 4): Education tip\nEmail 4 (Ngày 7): Social proof\nEmail 5 (Ngày 10): Soft offer\nEmail 6 (Ngày 14): Overcome objections\nEmail 7 (Ngày 21): Direct offer\n\nSEQUENCE 2: NURTURE SERIES (Leads chưa mua)\nTần suất: 2 emails/tuần × 4 tuần\nContent mix: 70% value - 30% offer\n\nSEQUENCE 3: ONBOARDING (Khách hàng mới)\nEmail 1: Confirm purchase + next steps\nEmail 3: Getting started guide\nEmail 7: Check-in + first value milestone\nEmail 14: Advanced tips\nEmail 30: Success story + upsell seed\n\nSEQUENCE 4: RE-ENGAGEMENT (Inactive 60+ ngày)\nEmail 1: "Chúng tôi nhớ anh/chị"\nEmail 2: New value/update\nEmail 3: Special offer\nEmail 4: Last chance\nEmail 5: Unsubscribe hoặc preference update\n\nPHẦN 2 - SEGMENTATION AUTOMATION\n\nSEGMENT TỰ ĐỘNG THEO:\n- Hành vi: opened / clicked / purchased / no-open-30-days\n- Demographic: ngành, địa lý, quy mô\n- Purchase history: first-time / repeat / high-value\n- Engagement score: active / warm / cold\n\nTRIGGER-BASED EMAILS:\n- Birthday email (nếu có ngày sinh)\n- Anniversary email (ngày mua đầu tiên)\n- Behavior trigger: xem trang giá 3 lần → email offer\n- Cart abandonment (nếu có ecommerce)\n\nPHẦN 3 - AUTOMATION RULES\n\nIF/THEN LOGIC:\n- IF mở email X nhưng không click → gửi email follow-up\n- IF click link pricing → assign hot lead tag → notify sales\n- IF không mở 30 ngày → chuyển sang re-engagement\n- IF mua rồi → remove khỏi promotional sequence\n\nPHẦN 4 - TEMPLATE EMAILS\nCung cấp template cho mỗi email trong sequence:\n- Subject line (A/B test versions)\n- Preview text\n- Body structure\n- CTA\n\nPHẦN 5 - DELIVERABILITY CHECKLIST\n- SPF, DKIM, DMARC setup\n- List hygiene rules\n- Sending frequency best practices\n- Spam word avoidance	email,automation,marketing,sequence,nurture	0	5
aut-008	AUT-008 Zalo Automation	automation	Claude	Bạn là Zalo OA Automation Expert chuyên xây dựng hệ thống Zalo tự động cho SME Việt Nam.\n\nThiết kế ZALO AUTOMATION SYSTEM hoàn chỉnh cho:\n\nTHÔNG TIN:\n- Doanh nghiệp: [TÊN + NGÀNH]\n- Zalo OA đang có: [CÓ / CHƯA CÓ]\n- Mục tiêu automation: [LEAD NURTURE / CUSTOMER SUPPORT / BROADCAST / CHATBOT]\n- Database contacts: [X số điện thoại]\n- Tool integration: [MAKE / N8N / ZALO API TRỰC TIẾP]\n- Budget ZNS/tháng: [X đồng]\n\nPHẦN 1 - ZALO OA AUTOMATION ARCHITECTURE\n\nCÁC AUTOMATION CẦN BUILD:\n\nAUTO 1: WELCOME MESSAGE\nTrigger: Người dùng follow OA lần đầu\nAction:\n- Gửi welcome message với menu\n- Add vào segment "new follower"\n- Notify team nếu là hot lead\nTemplate message: [Viết đầy đủ]\n\nAUTO 2: KEYWORD TRIGGER\nTrigger: Người dùng nhắn keyword cụ thể\nKeywords → Responses:\n- "giá", "báo giá" → gửi bảng giá\n- "liên hệ", "tư vấn" → gửi thông tin + notify sales\n- "địa chỉ" → gửi location\n- "khiếu nại", "hỏng" → escalate to support\n[Thêm theo ngành]\n\nAUTO 3: BROADCAST SEQUENCE\nSegment targeting:\n- Broadcast 1: Tất cả followers - thứ 2 8h sáng\n- Broadcast 2: Khách đã mua - offer exclusive\n- Broadcast 3: Cold followers - re-engagement\nTemplate ZNS và OA broadcast\n\nAUTO 4: ZNS AUTOMATION\nCác loại ZNS cần setup:\n- ZNS xác nhận đơn hàng\n- ZNS nhắc lịch hẹn (trước 24h và 1h)\n- ZNS chăm sóc sau mua (ngày 3, 7, 30)\n- ZNS birthday/anniversary\n- ZNS flash sale (urgent)\nTemplate và timing cho từng loại\n\nAUTO 5: CHATBOT BASIC\nMenu cấu trúc 3 cấp:\nLevel 1: [Tư vấn sản phẩm | Hỗ trợ | Đặt hàng | Khác]\nLevel 2: [Submenu theo lựa chọn]\nLevel 3: [Action hoặc chuyển live agent]\nFallback khi không hiểu: [script]\n\nPHẦN 2 - ZALO INTEGRATION\n\nKẾT NỐI VỚI CRM:\n- Sync contacts Zalo ↔ CRM\n- Log tương tác Zalo vào CRM\n- Trigger CRM action từ Zalo\n\nKẾT NỐI VỚI GOOGLE SHEETS:\n- Log tất cả conversations\n- Export contact list\n- Import broadcast list\n\nPHẦN 3 - ZALO API SETUP\n- Đăng ký Zalo Developer account\n- Tạo Zalo App và lấy App ID\n- Webhook URL configuration\n- Access token management (refresh tự động)\n- Rate limits cần biết\n\nPHẦN 4 - COMPLIANCE\n- Quy định gửi ZNS của Zalo\n- Tần suất broadcast hợp lý\n- Opt-out handling\n- Content policy	zalo,automation,OA,ZNS,chatbot	0	5
aut-009	AUT-009 KPI Dashboard Automation	automation	Claude	Bạn là Business Intelligence Expert chuyên xây dựng dashboard KPI tự động cho SME Việt Nam.\n\nThiết kế KPI DASHBOARD AUTOMATION hoàn chỉnh cho:\n\nTHÔNG TIN:\n- Doanh nghiệp: [TÊN + NGÀNH]\n- Bộ phận cần dashboard: [SALES / MARKETING / OPERATIONS / ALL]\n- Nguồn dữ liệu: [GOOGLE SHEETS / CRM / FACEBOOK ADS / GOOGLE ADS / WEBSITE / ...]\n- Công cụ dashboard: [GOOGLE LOOKER STUDIO / DATA STUDIO / GOOGLE SHEETS / NOTION]\n- Người xem: [CEO / MANAGER / TEAM]\n- Tần suất update: [REAL-TIME / HÀNG GIỜ / HÀNG NGÀY]\n\nPHẦN 1 - KPI ARCHITECTURE\n\nNORTH STAR METRIC:\n[1 chỉ số quan trọng nhất của doanh nghiệp]\n\nKPI THEO BỘ PHẬN:\n\nSALES KPIs:\n- Doanh thu thực tế vs. Target (hàng ngày)\n- Số deals closed\n- Pipeline value\n- Win rate\n- Average deal size\n- Sales cycle length\n- Activities per rep\n\nMARKETING KPIs:\n- Total leads by source\n- CPL (Cost per Lead) by channel\n- MQL → SQL conversion rate\n- Website traffic\n- Email open/click rates\n- Social media reach\n- ROAS by campaign\n\nOPERATIONS KPIs:\n- [Tùy ngành - điền vào]\n\nPHẦN 2 - DATA PIPELINE AUTOMATION\n\nAUTO-COLLECT DATA TỪ CÁC NGUỒN:\n\nFacebook Ads → Google Sheets:\n- Dùng Make/Zapier pull hàng ngày 7h sáng\n- Fields: Date, Campaign, Spend, Impressions, Clicks, Leads, CPL\n\nCRM → Google Sheets:\n- Pull deals mới, stage changes, revenue\n- Tần suất: real-time khi có thay đổi\n\nGoogle Analytics → Sheets:\n- Traffic, conversions, source/medium\n- Daily pull lúc 6h sáng\n\nPHẦN 3 - GOOGLE LOOKER STUDIO SETUP\n\nPAGE 1: CEO OVERVIEW\n- Revenue gauge (actual vs target)\n- Key metrics scorecard\n- Trend line 30 ngày\n- Alert khi KPI đỏ\n\nPAGE 2: SALES DETAIL\n- Pipeline funnel\n- Sales rep performance table\n- Deal activity heatmap\n\nPAGE 3: MARKETING DETAIL\n- Channel performance comparison\n- Lead source pie chart\n- Campaign ROI table\n\nPAGE 4: TREND ANALYSIS\n- MoM comparison\n- Forecasting chart\n\nPHẦN 4 - AUTOMATED REPORTING\n\nTING NHẮN ZALO HÀNG NGÀY (7h sáng):\n"📊 BÁO CÁO SÁNG {ngày}\nDoanh thu hôm qua: {X}đ ({%} vs target)\nLeads mới: {X}\nDeals closed: {X}\n🟢 On track | 🟡 Behind | 🔴 Critical"\n\nEMAIL REPORT HÀNG TUẦN:\n- Template PDF/Google Slides auto-generated\n- Gửi cho stakeholders mỗi thứ 2\n\nPHẦN 5 - ALERT SYSTEM\n- Alert khi KPI dưới ngưỡng X%\n- Alert khi có anomaly (tăng/giảm bất thường)\n- Escalation path cho từng alert	dashboard,KPI,analytics,automation,reporting	0	5
aut-010	AUT-010 AI Agent Design	automation	Claude	Bạn là AI Agent Architect chuyên thiết kế hệ thống AI Agent cho SME Việt Nam.\n\nThiết kế AI AGENT SYSTEM hoàn chỉnh cho:\n\nTHÔNG TIN:\n- Mục tiêu của Agent: [MÔ TẢ NHIỆM VỤ]\n- Người dùng cuối: [KHÁCH HÀNG / NHÂN VIÊN / CEO]\n- Kênh triển khai: [ZALO / WEBSITE / FACEBOOK MESSENGER / INTERNAL TOOL]\n- Knowledge base: [TÀI LIỆU / DATABASE / API]\n- AI Model: [CLAUDE / GPT / GEMINI]\n- Integration cần thiết: [CRM / SHEETS / EMAIL / CALENDAR]\n\nPHẦN 1 - AGENT ARCHITECTURE\n\nLOAI AGENT:\n- [ ] Simple Q&A Bot (FAQ-based)\n- [ ] Task Completion Agent (thực hiện hành động)\n- [ ] Multi-step Reasoning Agent (phân tích + đề xuất)\n- [ ] Autonomous Agent (tự quyết định workflow)\n\nAGENT COMPONENTS:\n1. System Prompt (Persona + Instructions)\n2. Knowledge Base (RAG / hardcoded)\n3. Tools/Functions (APIs agent có thể gọi)\n4. Memory (context window / external memory)\n5. Output formatter\n\nPHẦN 2 - SYSTEM PROMPT DESIGN\n\nTEMPLATE SYSTEM PROMPT:\n"Bạn là [TÊN AGENT] - [ROLE] của [CÔNG TY].\n\nNHIỆM VỤ:\n[Mô tả chi tiết những gì agent cần làm]\n\nTÍNH CÁCH & TONE:\n[Formal/Friendly, ngôn ngữ Việt/Anh/Song ngữ]\n\nKHẢ NĂNG:\n- Bạn CÓ THỂ: [list]\n- Bạn KHÔNG thể: [list - guardrails]\n\nKIẾN THỨC:\n[Tóm tắt knowledge base]\n\nQUY TRÌNH XỬ LÝ:\n1. [Bước 1]\n2. [Bước 2]\n3. [Escalate khi nào]\n\nFORMAT PHẢN HỒI:\n[Cách format output]\n\nXỬ LÝ TÌNH HUỐNG ĐẶC BIỆT:\n- Nếu không biết: [response]\n- Nếu nhạy cảm: [response]\n- Nếu cần escalate: [response]"\n\nPHẦN 3 - TOOLS DESIGN\n\nMỖI TOOL CẦN ĐỊNH NGHĨA:\nTool name: [tên]\nMục đích: [mô tả]\nInput params: [{param: type, description}]\nOutput: [format]\nWhen to use: [điều kiện]\nAPI endpoint / Function: [code hoặc URL]\n\nCÁC TOOLS PHỔ BIẾN:\n- search_knowledge_base(query)\n- get_customer_info(phone/email)\n- create_ticket(title, description, priority)\n- check_availability(date, service)\n- send_notification(channel, message)\n- update_crm(contact_id, field, value)\n\nPHẦN 4 - CONVERSATION FLOW\n\nHAPPY PATH:\nUser → Agent xử lý → Tool call (nếu cần) → Response\n\nEDGE CASES:\n- Ambiguous input: clarification question\n- Out of scope: graceful redirect\n- Sensitive: escalate to human\n- Error in tool: fallback response\n\nPHẦN 5 - EVALUATION FRAMEWORK\n- Test cases (20 scenarios)\n- Metrics: accuracy, response time, CSAT\n- A/B test system prompts\n- Continuous improvement process\n\nPHẦN 6 - DEPLOYMENT\n- API integration code snippets\n- Rate limiting strategy\n- Cost estimation (tokens/month)\n- Monitoring và logging	AI-agent,LLM,automation,chatbot,Claude	0	5
aut-011	AUT-011 Content Factory	automation	Claude	Bạn là Content Automation Expert chuyên xây dựng Content Factory tự động cho SME Việt Nam.\n\nThiết kế CONTENT FACTORY AUTOMATION hoàn chỉnh cho:\n\nTHÔNG TIN:\n- Thương hiệu: [TÊN + NGÀNH]\n- Kênh phân phối: [FACEBOOK / YOUTUBE / TIKTOK / ZALO / EMAIL / BLOG]\n- Tần suất cần: [X bài/ngày]\n- Loại content: [TEXT / IMAGE / VIDEO SCRIPT / EMAIL]\n- Input nguồn: [CHỦ ĐỀ THỦ CÔNG / RSS / TRENDS / KEYWORD LIST]\n- AI tools: [CLAUDE / GPT / GEMINI cho text, MIDJOURNEY / DALLE cho ảnh]\n- Tool automation: [MAKE / N8N / ZAPIER]\n\nPHẦN 1 - CONTENT FACTORY ARCHITECTURE\n\nFLOW TỔNG QUAN:\nInput (ideas/topics)\n  ↓\nAI Content Generation\n  ↓\nHuman Review (optional)\n  ↓\nFormat & Optimize\n  ↓\nSchedule & Publish\n  ↓\nTrack Performance\n  ↓\nFeedback Loop\n\nPHẦN 2 - INPUT AUTOMATION\n\nNGUỒN Ý TƯỞNG TỰ ĐỘNG:\n\nGoogle Trends Monitor:\n- Scrape trending topics hàng ngày\n- Filter theo ngành/keyword\n- Score độ liên quan\n\nCompetitor Content Monitor:\n- RSS feeds của blogs đối thủ\n- Facebook page monitoring\n- Alert khi có content viral\n\nKeyword Bank:\n- Spreadsheet với 100+ keyword seeds\n- Auto-rotate mỗi ngày\n- Track keyword đã dùng\n\nPHẦN 3 - AI GENERATION AUTOMATION\n\nFACEBOOK POST FACTORY:\nWorkflow (Make/n8n):\n1. Lấy topic từ Input Bank\n2. Gọi Claude API với prompt template\n3. Nhận 3 phiên bản content\n4. Auto-format với emoji, hashtag\n5. Lưu vào Content Calendar Sheets\n6. Notify reviewer\n\nCLAUDE PROMPT TEMPLATE:\n"Viết 3 phiên bản Facebook post về chủ đề: {topic}\nThương hiệu: {brand}\nTone: {tone}\nMục tiêu: {goal}\nDộ dài: {length}\nKết thúc bằng CTA: {cta}\nOutput format: JSON với 3 versions"\n\nVIDEO SCRIPT FACTORY:\n- Input: topic + duration + platform\n- Output: full script + B-roll notes + hooks\n- Auto-create in Google Docs\n- Auto-assign to video team\n\nEMAIL NEWSLETTER FACTORY:\n- Collect weekly updates từ nhiều nguồn\n- AI summarize và curate\n- Format HTML template\n- Schedule gửi tự động\n\nPHẦN 4 - QUALITY CONTROL\n\nAUTO-CHECK:\n- Spam words detector\n- Brand voice consistency check (AI)\n- Duplicate content checker\n- Grammar check API\n\nAPPROVAL WORKFLOW:\n- Tự động → Review → Approve → Publish\n- Slack/Zalo notification cho reviewer\n- One-click approve button\n- Rejection với feedback\n\nPHẦN 5 - PUBLISHING AUTOMATION\n\nSCHEDULING:\n- Auto-schedule theo optimal posting times\n- Platform-specific formatting\n- Cross-posting logic (what goes where)\n\nPUBLISHING APIs:\n- Facebook Graph API\n- Buffer/Hootsuite integration\n- Email ESP API\n\nPHẦN 6 - PERFORMANCE TRACKING\n- Auto-collect metrics sau 24h, 7 ngày\n- Feed performance data back vào Content Bank\n- Identify best-performing topics và angles	content,automation,AI,factory,social-media	0	5
aut-012	AUT-012 Video Factory	automation	Claude	Bạn là Video Production Automation Expert chuyên xây dựng quy trình tạo video tự động cho SME Việt Nam.\n\nThiết kế VIDEO FACTORY AUTOMATION hoàn chỉnh cho:\n\nTHÔNG TIN:\n- Doanh nghiệp: [TÊN + NGÀNH]\n- Loại video cần tạo: [SHORT-FORM / LONG-FORM / PRODUCT / TESTIMONIAL / EDUCATIONAL]\n- Kênh phân phối: [TIKTOK / YOUTUBE SHORTS / FACEBOOK REELS / INSTAGRAM]\n- Số lượng cần: [X video/tuần]\n- AI Video tools: [HEYGEN / SYNTHESIA / RUNWAY / CAPCUT AI / D-ID]\n- Ngân sách: [X đồng/tháng]\n\nPHẦN 1 - VIDEO FACTORY PIPELINE\n\nSTEP 1: SCRIPT GENERATION\n- Input: topic + platform + duration + goal\n- Claude API viết script tự động\n- Format: hook (3s) + body + CTA\n- Output: Google Docs với script\n\nSTEP 2: ASSET PREPARATION\n- Thư viện ảnh/video B-roll tổ chức theo category\n- Auto-tag và searchable\n- Brand assets (logo, colors, fonts) sẵn sàng\n- Music library licensed\n\nSTEP 3: AI VIDEO GENERATION\nNếu dùng AI Avatar (HeyGen/Synthesia):\n- Template avatar setup\n- Script → Audio → Video pipeline\n- Multi-language support\n- Estimated time per video\n\nNếu dùng Auto-edit (CapCut AI):\n- Template selection logic\n- Auto-caption generation\n- B-roll auto-matching\n- Music auto-sync\n\nSTEP 4: REVIEW & EDITING\n- Checklist review: audio, visual, captions, CTA\n- Edit instructions template\n- Version control\n- Approval workflow\n\nSTEP 5: EXPORT & PUBLISH\n- Export specs cho từng platform:\n  + TikTok: 9:16, max 3 phút, <500MB\n  + YouTube Shorts: 9:16, <60s\n  + Facebook Reels: 9:16, <90s\n- Auto-resize/reformat với FFmpeg hoặc tool\n- Publish queue management\n\nPHẦN 2 - AUTOMATION WORKFLOWS\n\nWORKFLOW A: FULL AUTO VIDEO\n[Trigger: Add topic to Sheets]\n  → Claude generates script\n  → HeyGen creates AI video\n  → Auto-add captions\n  → Auto-add logo/outro\n  → Upload to Drive\n  → Notify team for review\n  → Schedule publish\n\nWORKFLOW B: HUMAN + AI HYBRID\n[Quay footage thật]\n  → Upload raw to Drive\n  → Auto-transcribe\n  → AI viết description, hashtags, title\n  → CapCut AI edit suggest\n  → Human final edit\n  → Auto-publish to platforms\n\nWORKFLOW C: REPURPOSE LONG → SHORT\n[Upload video dài]\n  → Auto-transcribe\n  → AI identify best clips (highlight reel)\n  → Auto-cut + caption\n  → Create 3-5 Short-form versions\n  → Format cho từng platform\n\nPHẦN 3 - PROMPT TEMPLATES CHO VIDEO SCRIPTS\n\nTikTok 60s Script:\n"Viết TikTok script 60 giây về {topic}\nHook (0-3s): Câu mở không thể bỏ qua\nBody (4-50s): 3 điểm chính, ngắn gọn\nCTA (51-60s): Follow/Comment/Share\nTone: {tone}\nTarget: {audience}"\n\nProduct Demo Script:\n"Viết script demo sản phẩm {product} 90 giây\nBắt đầu: Pain point\nGiữa: Demo tính năng chính\nKết: Social proof + CTA\nKhông đọc như quảng cáo"\n\nPHẦN 4 - PERFORMANCE & ITERATION\n- Track views, engagement, conversion\n- Identify best-performing scripts/formats\n- Feed back vào template library\n- Monthly template update	video,automation,AI,content,TikTok	0	5
aut-013	AUT-013 Customer Success Automation	automation	Claude	Bạn là Customer Success Automation Expert chuyên xây dựng hệ thống chăm sóc khách hàng tự động cho SME Việt Nam.\n\nThiết kế CUSTOMER SUCCESS AUTOMATION hoàn chỉnh cho:\n\nTHÔNG TIN:\n- Doanh nghiệp: [TÊN + NGÀNH]\n- Số khách hàng hiện tại: [X]\n- Sản phẩm/dịch vụ: [MÔ TẢ]\n- Customer success team: [X người]\n- Tool hiện tại: [ZALO / EMAIL / PHONE / CRM]\n- Pain point CS: [VẤN ĐỀ LỚN NHẤT]\n\nPHẦN 1 - CUSTOMER JOURNEY AUTOMATION MAP\n\nGIAI ĐOẠN 1: ONBOARDING (Ngày 1-30)\n\nNgày 0 - Chào mừng:\n- Email welcome tự động (trong 5 phút)\n- Zalo message với next steps\n- Tạo account/access tự động\n- Assign CSM (Customer Success Manager)\n\nNgày 1:\n- Email: Getting started guide\n- Task tạo cho CSM: Gọi điện onboarding call\n- Checklist onboarding gửi cho khách\n\nNgày 3:\n- Auto check: đã login/dùng chưa?\n- Nếu CHƯA: Trigger reminder + CSM alert\n- Nếu ĐÃ: Gửi advanced tips\n\nNgày 7:\n- Check-in survey (1 câu hỏi NPS ngắn)\n- Nếu score thấp: Trigger save playbook\n- Nếu score cao: Xin testimonial\n\nNgày 14:\n- Review milestone đầu tiên\n- Email success story + next milestone\n- Upsell seed nếu phù hợp\n\nNgày 30:\n- Onboarding completion survey\n- CSM review call\n- Chuyển sang Ongoing relationship\n\nGIAI ĐOẠN 2: ONGOING RELATIONSHIP\n\nHàng tháng:\n- Health score calculation (tự động)\n- Monthly report tự động generate và gửi\n- Check-in message Zalo\n\nQuý:\n- QBR (Quarterly Business Review) prep\n- Auto-prepare agenda và data\n- Schedule và remind cả 2 bên\n\nNăm:\n- Anniversary email\n- Renewal campaign\n- Loyalty reward trigger\n\nGIAI ĐOẠN 3: CHURN PREVENTION\n\nChurn Risk Signals (tự động detect):\n- Không dùng sản phẩm X ngày: Alert CSM\n- NPS giảm: Trigger save playbook\n- Support ticket nhiều bất thường: Escalate\n- Không reply email 3 lần: Flag\n\nSave Playbooks tự động:\n- Alert CSM với context đầy đủ\n- Script cuộc gọi save\n- Offer options (downgrade / pause / discount)\n\nPHẦN 2 - SUPPORT AUTOMATION\n\nTICKET ROUTING:\n- Auto-categorize theo keyword\n- Priority assignment (urgent/normal/low)\n- Assign đúng người theo expertise\n- SLA tracking và escalation\n\nAUTO-RESPONSE:\n- FAQ auto-reply (top 20 câu hỏi)\n- Acknowledgment khi nhận ticket\n- Status update khi xử lý\n- Close confirmation\n\nPHẦN 3 - FEEDBACK & NPS AUTOMATION\n- NPS survey tự động sau mỗi interaction\n- Testimonial collection workflow\n- Review request (Google/Facebook) tự động\n- Response phân loại theo score	customer-success,automation,retention,onboarding,churn	0	5
aut-014	AUT-014 Webinar Automation	automation	Claude	Bạn là Webinar Operations Expert chuyên tự động hóa toàn bộ quy trình webinar cho SME Việt Nam.\n\nThiết kế WEBINAR AUTOMATION hoàn chỉnh cho:\n\nTHÔNG TIN:\n- Doanh nghiệp: [TÊN + NGÀNH]\n- Platform webinar: [ZOOM / GOOGLE MEET / FACEBOOK LIVE / YOUTUBE LIVE]\n- Tần suất: [X webinars/tháng]\n- Offer sau webinar: [SẢN PHẨM/DỊCH VỤ + GIÁ]\n- Registration page: [CÓ / CHƯA CÓ]\n- Tool automation: [MAKE / N8N / ZAPIER]\n\nPHẦN 1 - PRE-WEBINAR AUTOMATION\n\nSETUP (2 tuần trước):\n- Tạo registration page\n- Setup tracking pixel\n- Connect form → CRM/Sheets\n- Chuẩn bị email sequence\n\nREGISTRATION FLOW:\nKhi có người đăng ký:\n1. Confirm email (ngay lập tức)\n2. Add vào segment "webinar registrants"\n3. Gửi calendar invite (.ics)\n4. Add vào Zalo notification list\n5. Tag trong CRM\n\nREMINDER SEQUENCE:\n- Email D-7: "Bạn đã đăng ký webinar..."\n- Email D-3: Preview content, tăng kỳ vọng\n- Email D-1: Reminder + chuẩn bị câu hỏi\n- Email H-1: Link tham gia + checklist\n- SMS/Zalo H-15 phút: Final reminder\n\nPHẦN 2 - DURING WEBINAR AUTOMATION\n\nLIVE MONITORING:\n- Real-time registration count update\n- Chat moderation rules\n- Poll auto-launch theo timeline\n- Resource links auto-share\n\nCHATBOT TRONG WEBINAR:\n- Auto-answer FAQ trong chat\n- "Type X để nhận tài liệu"\n- Offer timing trigger\n- Q&A queue management\n\nPHẦN 3 - POST-WEBINAR AUTOMATION\n\nNGAY SAU WEBINAR:\n\nCho người ĐÃ THAM DỰ:\n- Email 1 (1h sau): Thank you + replay link\n- Email 2 (Ngày 1): Slides + tài liệu\n- Email 3 (Ngày 2): Recap + offer\n- Email 4 (Ngày 4): Case study\n- Email 5 (Ngày 7): Last chance offer\n\nCho người ĐĂNG KÝ nhưng KHÔNG THAM DỰ:\n- Email 1 (1h sau): Replay link + FOMO\n- Email 2 (Ngày 2): Highlight + offer\n- Email 3 (Ngày 5): Expire notice\n\nZALO SEQUENCE song song:\n- Message 1: Cảm ơn + replay\n- Message 2: Offer (ngày 2)\n- Message 3: Last chance (ngày 5)\n\nSEGMENT THEO HÀNH VI:\n- Xem >80% webinar → Hot lead\n- Hỏi về giá trong Q&A → Very hot\n- Xem replay + click offer → Warm\n- Không xem → Cold nurture\n\nPHẦN 4 - SALES AUTOMATION SAU WEBINAR\n- Hot leads → Assign sales + notify ngay\n- Auto book consultation cho người click offer\n- Proposal auto-send theo trigger\n\nPHẦN 5 - ANALYTICS & REPORTING\n- Show up rate tracking\n- Engagement score\n- Conversion rate by action\n- Revenue per webinar report	webinar,automation,email,sequence,marketing	0	5
aut-015	AUT-015 Sales Automation	automation	Claude	Bạn là Sales Automation Expert chuyên tự động hóa toàn bộ quy trình bán hàng cho SME Việt Nam.\n\nThiết kế SALES AUTOMATION SYSTEM hoàn chỉnh cho:\n\nTHÔNG TIN:\n- Doanh nghiệp: [TÊN + NGÀNH]\n- Quy mô team sales: [X người]\n- Sản phẩm/dịch vụ: [MÔ TẢ + GIÁ]\n- Sales channels: [INBOUND / OUTBOUND / REFERRAL / SOCIAL]\n- CRM hiện tại: [TÊN CRM hoặc Sheets]\n- Tool automation: [MAKE / N8N / ZAPIER]\n- Thời gian muốn tiết kiệm: [X giờ/tuần]\n\nPHẦN 1 - SALES AUTOMATION MAP\n\nTASK HIỆN TẠI CỦA SALES → TỰ ĐỘNG HÓA:\n\nLEAD MANAGEMENT:\n[MANUAL] Nhập lead từ Facebook → [AUTO] Tự động sync\n[MANUAL] Assign cho sales → [AUTO] Round-robin assignment\n[MANUAL] Gửi email chào hỏi → [AUTO] Triggered email\n[MANUAL] Nhắc follow-up → [AUTO] CRM tasks tự động\n\nCOMMUNICATION:\n[MANUAL] Gửi tài liệu → [AUTO] Triggered by stage\n[MANUAL] Gửi proposal → [AUTO] Template + auto-fill\n[MANUAL] Follow-up sau meeting → [AUTO] Sequence\n[MANUAL] Nhắc lịch hẹn → [AUTO] Calendar reminder\n\nREPORTING:\n[MANUAL] Báo cáo ngày → [AUTO] Morning briefing Zalo\n[MANUAL] Báo cáo tuần → [AUTO] Weekly email report\n[MANUAL] Pipeline review → [AUTO] Dashboard real-time\n\nPHẦN 2 - AUTOMATION WORKFLOWS CHI TIẾT\n\nWORKFLOW 1: INBOUND LEAD FLOW\nTrigger: Form submit / Facebook Lead Ad / Zalo message\n  → Validate + dedupe\n  → Add to CRM with source\n  → Assign sales rep\n  → Notify rep (Zalo + Email)\n  → Send auto-reply to lead\n  → Create follow-up task (2h)\n  → Start nurture sequence if no contact\n\nWORKFLOW 2: PROPOSAL AUTOMATION\nTrigger: Deal moved to "Proposal" stage\n  → Pull customer info từ CRM\n  → Auto-fill proposal template\n  → Create Google Doc\n  → Share link với sales\n  → Send to customer (1 click)\n  → Start follow-up sequence\n  → Track if opened\n\nWORKFLOW 3: CLOSED WON AUTOMATION\nTrigger: Deal marked "Won"\n  → Congrats Zalo to sales team\n  → Update revenue sheet\n  → Create onboarding tasks\n  → Send welcome email to customer\n  → Invoice generation trigger\n  → Add to customer success flow\n\nWORKFLOW 4: CLOSED LOST ANALYSIS\nTrigger: Deal marked "Lost"\n  → Force fill: lost reason\n  → Add to lost reason database\n  → Add to win-back sequence (90 ngày)\n  → Update forecast\n  → Lost deal analysis report\n\nPHẦN 3 - COMMUNICATION TEMPLATES\n\nTHƯ VIỆN TEMPLATE TỰ ĐỘNG HOÁ:\n- Email + Zalo cho từng stage\n- Auto-personalize với merge fields\n- A/B test version rotation\n\nPHẦN 4 - SALES INTELLIGENCE\n- Auto-research company khi có lead mới\n- Trigger alerts khi khách ghé website\n- Competitor mention monitoring	sales,automation,CRM,pipeline,workflow	0	5
aut-016	AUT-016 Marketing Automation	automation	Claude	Bạn là Marketing Automation Architect chuyên xây dựng hệ thống marketing tự động toàn diện cho SME Việt Nam.\n\nThiết kế MARKETING AUTOMATION SYSTEM hoàn chỉnh cho:\n\nTHÔNG TIN:\n- Doanh nghiệp: [TÊN + NGÀNH]\n- Kênh marketing: [FACEBOOK / GOOGLE / ZALO / EMAIL / SEO / YOUTUBE]\n- Marketing team: [X người]\n- Ngân sách marketing/tháng: [X đồng]\n- Mục tiêu: [X leads/tháng, X doanh thu]\n- Tool: [MAKE / N8N / ZAPIER + ESP + CRM]\n\nPHẦN 1 - MARKETING AUTOMATION ARCHITECTURE\n\nFULL FUNNEL AUTOMATION:\n\nTOP OF FUNNEL (Awareness):\n- Auto-publish content theo lịch\n- Ads performance monitoring\n- Alert khi ROAS giảm\n- Competitor monitoring\n\nMIDDLE OF FUNNEL (Consideration):\n- Lead capture automation\n- Lead scoring real-time\n- Nurture sequence theo score\n- Retargeting audience update\n\nBOTTOM OF FUNNEL (Conversion):\n- Hot lead → sales notify\n- Proposal trigger\n- Follow-up automation\n- Deal tracking\n\nRETENTION:\n- Customer health monitoring\n- Renewal campaign\n- Upsell triggers\n- Referral program\n\nPHẦN 2 - CHANNEL-SPECIFIC AUTOMATION\n\nFACEBOOK ADS AUTOMATION:\n- Performance monitoring hàng giờ\n- Alert khi CPL > threshold\n- Budget reallocation rules\n- Audience refresh tự động (custom / lookalike)\n- Creative rotation (prevent ad fatigue)\n- Report hàng ngày → Sheets\n\nGOOGLE ADS AUTOMATION:\n- Bid adjustment theo device/time\n- Negative keyword monitoring\n- Quality score alert\n- Search term report tự động\n\nEMAIL AUTOMATION:\n- Segment update real-time\n- Triggered emails by behavior\n- List hygiene automation (remove bounced)\n- Deliverability monitoring\n\nSOCIAL MEDIA AUTOMATION:\n- Content scheduling queue\n- Engagement monitoring\n- DM auto-response với keyword\n- Influencer outreach tracking\n\nPHẦN 3 - LEAD LIFECYCLE AUTOMATION\n\nLEAD SCORING ENGINE:\n- Demographic score (setup)\n- Behavioral score (real-time update)\n- Threshold triggers → actions\n\nNURTURE FLOWS:\nFlow A: Education (cold leads)\nFlow B: Comparison (warm leads)\nFlow C: Decision (hot leads)\nFlow D: Re-engagement (cold >90 ngày)\n\nPHẦN 4 - MARKETING REPORTING AUTOMATION\n\nDAILY DASHBOARD:\n- Pull data từ tất cả platforms\n- Calculate unified metrics\n- Format và push lên Sheets/Looker\n- Morning Zalo briefing\n\nWEEKLY REPORT (tự generate):\n- Performance vs last week\n- Top/bottom campaigns\n- Recommendations\n- Gửi email cho team + CEO\n\nPHẦN 5 - BUDGET AUTOMATION\n- Theo dõi spend real-time\n- Alert khi 80% budget\n- Auto-pause khi hết budget\n- Monthly budget reset	marketing,automation,funnel,leads,multi-channel	0	5
aut-017	AUT-017 Data Sync System	automation	Claude	Bạn là Data Integration Expert chuyên xây dựng hệ thống đồng bộ dữ liệu cho SME Việt Nam.\n\nThiết kế DATA SYNC SYSTEM hoàn chỉnh cho:\n\nTHÔNG TIN:\n- Doanh nghiệp: [TÊN]\n- Các hệ thống cần sync: [LIST TẤT CẢ APPS VÀ DATABASES]\n- Dữ liệu cần sync: [CONTACTS / ORDERS / INVENTORY / TRANSACTIONS / ...]\n- Tần suất sync: [REAL-TIME / EVERY X MINUTES / DAILY]\n- Data volume: [X records/ngày]\n- Tool integration: [MAKE / N8N / CUSTOM API]\n- Database: [GOOGLE SHEETS / MYSQL / AIRTABLE / NOTION]\n\nPHẦN 1 - DATA ARCHITECTURE\n\nSOURCE OF TRUTH:\n- Xác định hệ thống nào là master data\n- Quy tắc conflict resolution\n- Data ownership theo department\n\nDATA FLOW MAP:\nSystem A ←→ [Sync Engine] ←→ System B\n                    ↕\n              System C, D, E\n\nMỗi kết nối ghi rõ:\n- Direction: One-way hay bidirectional\n- Frequency: Real-time / Scheduled\n- Fields được sync\n- Transform logic\n\nPHẦN 2 - SYNC WORKFLOWS\n\nSYNC 1: CONTACTS/CUSTOMERS\nSource: [CRM / Website Form]\nDestination: [Email Tool / Accounting / Shipping]\n\nMapping table:\nSource field → Destination field | Transform\nname → full_name | none\nphone → phone | format 0xxxxxxxxx\nemail → email | lowercase\ncreated_at → signup_date | date format\n[tiếp tục]\n\nDedup logic:\n- Match by phone number\n- Match by email\n- Manual review nếu partial match\n\nSYNC 2: ORDERS/TRANSACTIONS\nSource: [POS / Ecommerce / Manual]\nDestination: [Accounting / Inventory / CRM / Reporting]\n\nSync fields: [list]\nTransform: [currency, date format, status mapping]\nError handling: [retry logic, alert]\n\nSYNC 3: INVENTORY\nSource: [Warehouse system / Manual]\nDestination: [Website / POS / Purchasing system]\n\nReal-time vs batch sync decision\nStock threshold alerts\n\nPHẦN 3 - ERROR HANDLING\n\nERROR TYPES:\n- Network timeout: retry 3 lần, sau đó alert\n- Data validation fail: log + flag for review\n- API rate limit: queue và retry\n- Duplicate: dedup logic\n- Missing required field: default value hoặc skip\n\nALERT SYSTEM:\n- Sync fail → Zalo/Email alert\n- Data inconsistency → Flag dashboard\n- High error rate → Escalate\n\nPHẦN 4 - MONITORING DASHBOARD\n- Sync status real-time\n- Last successful sync timestamp\n- Error count by type\n- Data volume processed\n- SLA compliance\n\nPHẦN 5 - TESTING & VALIDATION\n- Test với small batch trước\n- Reconciliation report: count records in A vs B\n- Spot check sample records\n- Rollback procedure nếu cần\n\nPHẦN 6 - MAINTENANCE\n- Schema change handling\n- API version updates\n- Quarterly audit checklist	data-sync,integration,automation,API,database	0	5
aut-018	AUT-018 Notification System	automation	Claude	Bạn là Notification Architecture Expert chuyên xây dựng hệ thống thông báo thông minh cho SME Việt Nam.\n\nThiết kế NOTIFICATION SYSTEM hoàn chỉnh cho:\n\nTHÔNG TIN:\n- Doanh nghiệp: [TÊN + NGÀNH]\n- Các sự kiện cần notify: [LIST TẤT CẢ]\n- Kênh nhận thông báo: [ZALO / EMAIL / SMS / SLACK / TELEGRAM]\n- Người nhận theo từng loại: [MAPPING]\n- Giờ làm việc: [X:XX - Y:YY]\n- Tool automation: [MAKE / N8N / ZAPIER / APPS SCRIPT]\n\nPHẦN 1 - NOTIFICATION TAXONOMY\n\nPHÂN LOẠI THEO ĐỘ ƯU TIÊN:\n\nCRITICAL (Gửi ngay, bất kể giờ):\n- Server/system down\n- Payment failed\n- Security breach\n- Hot lead mới (giờ hành chính)\n\nHIGH (Gửi ngay trong giờ làm việc):\n- Lead mới từ ads\n- Đơn hàng mới\n- Support ticket urgent\n- Deal closed\n\nMEDIUM (Batch và gửi theo lịch):\n- Daily reports (7h sáng)\n- Weekly summaries (Thứ 2)\n- Task reminders (9h sáng)\n- Follow-up reminders\n\nLOW (Digest hàng ngày / tuần):\n- Analytics updates\n- Content performance\n- Non-urgent system alerts\n\nPHẦN 2 - NOTIFICATION TEMPLATES\n\nMỖI NOTIFICATION BAO GỒM:\n- Kênh gửi\n- Recipient(s)\n- Subject/Title\n- Body template với variables\n- Priority\n- Timing rules\n- Escalation path\n\nTEMPLATES CỤ THỂ:\n\nLEAD NOTIFICATION:\nZalo: "🔥 {priority} LEAD!\n{timestamp} | {source}\nTên: {name} | SĐT: {phone}\nQuan tâm: {interest}\n→ Phụ trách: @{assignee}"\n\nORDER NOTIFICATION:\nZalo: "🛒 ĐƠN HÀNG MỚI #{order_id}\nKH: {customer_name}\nGiá trị: {amount}đ\nSản phẩm: {products}\nGiao: {delivery_date}"\n\nSYSTEM ALERT:\nEmail: "[ALERT] {system_name} - {issue_type}\nThời gian: {timestamp}\nMức độ: {severity}\nMô tả: {description}\nHành động cần thiết: {action_required}"\n\nDAILY SUMMARY:\nZalo: "📊 KẾT QUẢ {date}\nLeads: {leads} ({vs_yesterday})\nDoanh thu: {revenue}đ ({vs_target})\nDeals closed: {deals}\n🎯 Target: {target_progress}%"\n\nPHẦN 3 - NOTIFICATION ROUTING LOGIC\n\nASSIGNMENT RULES:\n- Lead theo kênh → sales rep cụ thể\n- Theo giờ → người trực\n- Theo giá trị → senior vs junior\n- Escalation nếu không phản hồi trong X phút\n\nDO NOT DISTURB:\n- Giờ không gửi (ngoài giờ làm việc)\n- Batch notifications thay real-time\n- Mute rules theo ngày\n\nPHẦN 4 - ESCALATION MATRIX\n\nLevel 1: Direct assignee (0-15 phút)\nLevel 2: Team lead (15-30 phút)\nLevel 3: Manager (30-60 phút)\nLevel 4: Director/CEO (>60 phút)\n\nEscalation template tự động với context\n\nPHẦN 5 - NOTIFICATION ANALYTICS\n- Track open rate, response time\n- Identify notification fatigue\n- Optimize frequency và content\n- Monthly review và cleanup	notification,automation,alert,zalo,email	0	5
aut-019	AUT-019 Task Automation	automation	Claude	Bạn là Productivity Automation Expert chuyên xây dựng hệ thống quản lý công việc tự động cho SME Việt Nam.\n\nThiết kế TASK AUTOMATION SYSTEM hoàn chỉnh cho:\n\nTHÔNG TIN:\n- Doanh nghiệp: [TÊN]\n- Team size: [X người]\n- Tool quản lý tasks: [GOOGLE SHEETS / NOTION / TRELLO / ASANA / MONDAY]\n- Quy trình hay lặp lại: [LIST CÁC QUY TRÌNH ĐỊNH KỲ]\n- Pain point: [VẤN ĐỀ LỚN NHẤT]\n- Tool automation: [MAKE / N8N / APPS SCRIPT]\n\nPHẦN 1 - TASK AUTOMATION MAP\n\nLOAI TASKS CẦN TỰ ĐỘNG HÓA:\n\n1. RECURRING TASKS (Tự tạo định kỳ):\n- Hàng ngày: [list tasks cần tạo mỗi ngày]\n- Hàng tuần: [list tasks cần tạo mỗi tuần]\n- Hàng tháng: [list tasks cần tạo mỗi tháng]\n- Quarterly: [list tasks theo quý]\n\n2. TRIGGERED TASKS (Tạo khi có sự kiện):\n- Khi có lead mới → Task: "Gọi trong 2h"\n- Khi deal sang stage X → Task: "Gửi proposal"\n- Khi khách phàn nàn → Task: "Xử lý trong 4h" + Escalate\n- Khi deadline 3 ngày nữa → Reminder task\n\n3. DEPENDENT TASKS (Dây chuyền):\n- Task A hoàn thành → Tự tạo Task B\n- Project completion trigger next project\n\nPHẦN 2 - RECURRING TASK AUTOMATION\n\nSETUP GOOGLE CALENDAR + MAKE/N8N:\n\nWEEKLY TASKS (Tự tạo thứ 2 7h sáng):\n- Template: "Báo cáo tuần [ngày] - [Tên nhân viên]"\n- Assignee: [rule]\n- Due: Thứ 6 5h chiều\n- Checklist: [list items]\n\nMONTHLY TASKS (Tự tạo ngày 1):\n- Template danh sách tasks theo phòng ban\n- Auto-assign theo role\n- Dependencies mapping\n\nPHẦN 3 - DAILY STANDUP AUTOMATION\n\nBUỔI SÁNG (7h30):\nZalo group nhận: "☀️ STANDUP {date}\nHôm nay team cần hoàn thành:\n• {task_1} - @{assignee}\n• {task_2} - @{assignee}\n...\nDeadline hôm nay: {overdue_tasks}"\n\nBUỔI CHIỀU (5h):\n"📋 REVIEW NGÀY {date}\nHoàn thành: {completed}/{total}\nChưa xong: {overdue_tasks}\nLấn qua ngày mai: {postponed}"\n\nPHẦN 4 - DEADLINE TRACKING\n\nREMINDER SEQUENCE:\n- 3 ngày trước: Email/Zalo nhắc\n- 1 ngày trước: Urgent reminder\n- Đến hạn: Alert assignee + manager\n- Quá hạn: Escalation tự động\n\nOVERDUE REPORT:\n- Hàng ngày 9h: Danh sách quá hạn\n- Phân loại theo người / phòng ban\n- Manager nhận summary\n\nPHẦN 5 - TASK TEMPLATES\n\nMỖI QUY TRÌNH CÓ TEMPLATE:\nVí dụ: "Onboard khách hàng mới"\n- Task 1: Gửi email chào mừng (Day 0, assignee: CS)\n- Task 2: Setup account (Day 0, assignee: Tech)\n- Task 3: Onboarding call (Day 1, assignee: CSM)\n- Task 4: Training (Day 3, assignee: CSM)\n- Task 5: Check-in (Day 7, assignee: CSM)\nAuto-create toàn bộ sequence khi trigger\n\nPHẦN 6 - REPORTING\n- Team productivity dashboard\n- On-time completion rate\n- Bottleneck identification\n- Workload balancing insights	task,automation,productivity,project-management,workflow	0	5
aut-020	AUT-020 Business Operating System	automation	Claude	Bạn là Business Automation Architect chuyên thiết kế Business Operating System toàn diện cho SME Việt Nam.\n\nThiết kế BUSINESS OPERATING SYSTEM (BOS) hoàn chỉnh cho:\n\nTHÔNG TIN:\n- Doanh nghiệp: [TÊN + NGÀNH + QUY MÔ]\n- Số nhân viên: [X người]\n- Doanh thu hiện tại: [X đồng/tháng]\n- Mục tiêu 12 tháng: [X đồng/tháng]\n- Bộ phận cần automation: [SALES / MARKETING / OPS / CS / FINANCE / ALL]\n- Tech stack hiện tại: [LIST TẤT CẢ TOOLS]\n- Pain points lớn nhất: [TOP 3]\n- Ngân sách automation: [X đồng/tháng]\n\nPHẦN 1 - BOS ARCHITECTURE OVERVIEW\n\nCÁC LAYER:\n\nLAYER 1 - DATA FOUNDATION:\n- Single source of truth: [Master database]\n- Data flows giữa các hệ thống\n- Backup và security\n\nLAYER 2 - PROCESS AUTOMATION:\n- Sales automation\n- Marketing automation\n- Operations automation\n- Finance automation\n\nLAYER 3 - INTELLIGENCE:\n- KPI dashboards\n- AI-powered insights\n- Predictive analytics\n- Anomaly detection\n\nLAYER 4 - COMMUNICATION:\n- Internal: team notifications\n- External: customer communications\n- Reporting: stakeholder updates\n\nPHẦN 2 - DEPARTMENT AUTOMATION ROADMAP\n\nPHANH 1 (Tháng 1-3): FOUNDATION\nTuần 1-2: Setup infrastructure\n- Google Workspace optimization\n- CRM setup/migration\n- Communication stack (Zalo groups, email)\n- Basic Google Sheets dashboards\n\nTuần 3-4: Core automations\n- Lead capture automation\n- CRM basic automation\n- Daily reporting automation\n\nTháng 2: Sales automation\n- Full pipeline automation\n- Proposal generator\n- Follow-up sequences\n\nTháng 3: Marketing automation\n- Lead nurture flows\n- Content scheduling\n- Performance reporting\n\nPHASE 2 (Tháng 4-6): OPTIMIZATION\n- Customer success automation\n- Advanced reporting\n- AI integrations\n- Process refinement\n\nPHASE 3 (Tháng 7-12): SCALING\n- Advanced AI agents\n- Predictive systems\n- Full integration ecosystem\n\nPHẦN 3 - TECH STACK RECOMMENDATION\n\nTHEO NGÂN SÁCH:\n\nBUDGET THẤP (<5 triệu/tháng):\n- CRM: Google Sheets + Apps Script\n- Automation: Make.com (Core)\n- Email: Mailchimp (Free)\n- Dashboard: Google Looker Studio\n- Communication: Zalo OA\nTotal: ~2-3 triệu/tháng\n\nBUDGET TRUNG BÌNH (5-20 triệu/tháng):\n- CRM: HubSpot Starter hoặc Pipedrive\n- Automation: Make.com Pro + n8n\n- Email: ActiveCampaign\n- Dashboard: Custom Looker Studio\n- AI: Claude API\nTotal: ~8-15 triệu/tháng\n\nBUDGET CAO (>20 triệu/tháng):\n- CRM: Salesforce hoặc HubSpot Pro\n- Automation: Make.com Business\n- Custom development\n- Advanced AI integration\n\nPHẦN 4 - IMPLEMENTATION PLAYBOOK\n\nCHO TỪNG TUẦN (12 tuần):\nTuần | Mục tiêu | Tasks cụ thể | Owner | Success criteria\n[Bảng đầy đủ 12 tuần]\n\nPHẦN 5 - ROI PROJECTION\n\nTHỜI GIAN TIẾT KIỆM:\n- Sales: -X giờ/tuần → +X deals\n- Marketing: -X giờ/tuần → +X% efficiency\n- Operations: -X giờ/tuần → $X saved\n\nDOANH THU TĂNG THÊM:\n- Lead response time: -80% → +X% conversion\n- Follow-up consistency: 100% → +X% close rate\n- Customer retention: +X% → +X đồng LTV\n\nTOTAL ROI ESTIMATE: [Tính toán cụ thể]\n\nPHẦN 6 - GOVERNANCE\n- Ai sở hữu từng system\n- Review cadence\n- Upgrade/change process\n- Team training plan	business-os,automation,system,SME,strategy	0	5
